source,demographic_group,unweighted_n,moe_pct,pew_item,ai_better_pct,ai_worse_pct,ai_same_pct,ai_not_sure_pct
"Pew Research Center ATP Wave 119 (Dec 12-18, 2022)",Total US Adults,11004,1.4,AIWRKH3_b,46.8,15.4,14.0,23.1
"Pew Research Center ATP Wave 119 (Dec 12-18, 2022)",Men,4884,2.2,AIWRKH3_b,49.2,16.7,14.3,19.4
"Pew Research Center ATP Wave 119 (Dec 12-18, 2022)",Women,5993,1.8,AIWRKH3_b,44.7,14.2,13.9,26.5
"Pew Research Center ATP Wave 119 (Dec 12-18, 2022)",White,7220,1.7,AIWRKH3_b,48.5,14.8,13.4,22.9
"Pew Research Center ATP Wave 119 (Dec 12-18, 2022)",Black,1447,3.9,AIWRKH3_b,37.8,16.7,15.3,29.8
"Pew Research Center ATP Wave 119 (Dec 12-18, 2022)",Hispanic,1482,4.4,AIWRKH3_b,43.0,17.3,16.7,21.7
"Pew Research Center ATP Wave 119 (Dec 12-18, 2022)",Asian,371,7.0,AIWRKH3_b,56.6,14.7,11.5,17.1
"Pew Research Center ATP Wave 119 (Dec 12-18, 2022)",Ages 18-29,930,4.3,AIWRKH3_b,49.5,16.4,15.0,17.9
"Pew Research Center ATP Wave 119 (Dec 12-18, 2022)",Ages 30-49,3514,2.4,AIWRKH3_b,50.2,15.1,14.6,19.8
"Pew Research Center ATP Wave 119 (Dec 12-18, 2022)",Ages 50-64,3157,2.5,AIWRKH3_b,44.2,17.0,14.4,23.9
"Pew Research Center ATP Wave 119 (Dec 12-18, 2022)",Ages 65+,3367,2.5,AIWRKH3_b,42.4,13.5,11.9,31.6
