source,demographic_group,unweighted_n,moe_pct,category,pew_item,question,favor_pct,oppose_pct,not_sure_pct
"Pew Research Center ATP Wave 119 (Dec 12-18, 2022)",Total US Adults,11004,1.4,AI Reviewing Job Applications,AIWRKH2_a,Would you favor or oppose employers’ use of artificial intelligence (AI) for…    Reviewing job applications,27.9,41.5,30.2
"Pew Research Center ATP Wave 119 (Dec 12-18, 2022)",Total US Adults,11004,1.4,AI Making Final Hiring Decisions,AIWRKH2_b,Would you favor or oppose employers’ use of artificial intelligence (AI) for…    Making a final hiring decision,7.1,70.9,21.6
"Pew Research Center ATP Wave 119 (Dec 12-18, 2022)",Total US Adults,11004,1.4,AI Analyzing Employees' Facial Expressions,FACERECWK2_b,Would you favor or oppose employers’ use of facial recognition technology for each of the following purposes?    Analyzing employees’ facial expressions,8.8,70.4,20.2
"Pew Research Center ATP Wave 119 (Dec 12-18, 2022)",Total US Adults,11004,1.4,AI Recording Workers' Computer Activity,AIWRKM2_b,Do you favor or oppose employers’ use of artificial intelligence (AI) to do each of the following?    Recording exactly what people are doing on their work computers,26.7,50.8,21.7
"Pew Research Center ATP Wave 119 (Dec 12-18, 2022)",Total US Adults,11004,1.4,AI Deciding Promotions,AIWRKM4_a,Do you favor or oppose employers using information collected and analyzed by artificial intelligence (AI) about how people are doing their jobs to decide whether someone…    Gets a promotion,22.1,47.4,29.6
"Pew Research Center ATP Wave 119 (Dec 12-18, 2022)",Men,4884,2.2,AI Reviewing Job Applications,AIWRKH2_a,Would you favor or oppose employers’ use of artificial intelligence (AI) for…    Reviewing job applications,31.3,41.6,26.8
"Pew Research Center ATP Wave 119 (Dec 12-18, 2022)",Men,4884,2.2,AI Making Final Hiring Decisions,AIWRKH2_b,Would you favor or oppose employers’ use of artificial intelligence (AI) for…    Making a final hiring decision,8.1,72.7,19.0
"Pew Research Center ATP Wave 119 (Dec 12-18, 2022)",Men,4884,2.2,AI Analyzing Employees' Facial Expressions,FACERECWK2_b,Would you favor or oppose employers’ use of facial recognition technology for each of the following purposes?    Analyzing employees’ facial expressions,10.1,73.7,16.0
"Pew Research Center ATP Wave 119 (Dec 12-18, 2022)",Men,4884,2.2,AI Recording Workers' Computer Activity,AIWRKM2_b,Do you favor or oppose employers’ use of artificial intelligence (AI) to do each of the following?    Recording exactly what people are doing on their work computers,28.1,53.5,18.0
"Pew Research Center ATP Wave 119 (Dec 12-18, 2022)",Men,4884,2.2,AI Deciding Promotions,AIWRKM4_a,Do you favor or oppose employers using information collected and analyzed by artificial intelligence (AI) about how people are doing their jobs to decide whether someone…    Gets a promotion,25.4,49.0,25.1
"Pew Research Center ATP Wave 119 (Dec 12-18, 2022)",Women,5993,1.8,AI Reviewing Job Applications,AIWRKH2_a,Would you favor or oppose employers’ use of artificial intelligence (AI) for…    Reviewing job applications,24.8,41.1,33.7
"Pew Research Center ATP Wave 119 (Dec 12-18, 2022)",Women,5993,1.8,AI Making Final Hiring Decisions,AIWRKH2_b,Would you favor or oppose employers’ use of artificial intelligence (AI) for…    Making a final hiring decision,6.1,69.3,24.1
"Pew Research Center ATP Wave 119 (Dec 12-18, 2022)",Women,5993,1.8,AI Analyzing Employees' Facial Expressions,FACERECWK2_b,Would you favor or oppose employers’ use of facial recognition technology for each of the following purposes?    Analyzing employees’ facial expressions,7.5,67.6,24.2
"Pew Research Center ATP Wave 119 (Dec 12-18, 2022)",Women,5993,1.8,AI Recording Workers' Computer Activity,AIWRKM2_b,Do you favor or oppose employers’ use of artificial intelligence (AI) to do each of the following?    Recording exactly what people are doing on their work computers,25.7,48.2,25.2
"Pew Research Center ATP Wave 119 (Dec 12-18, 2022)",Women,5993,1.8,AI Deciding Promotions,AIWRKM4_a,Do you favor or oppose employers using information collected and analyzed by artificial intelligence (AI) about how people are doing their jobs to decide whether someone…    Gets a promotion,19.0,46.1,33.7
"Pew Research Center ATP Wave 119 (Dec 12-18, 2022)",White,7220,1.7,AI Reviewing Job Applications,AIWRKH2_a,Would you favor or oppose employers’ use of artificial intelligence (AI) for…    Reviewing job applications,27.9,42.2,29.7
"Pew Research Center ATP Wave 119 (Dec 12-18, 2022)",White,7220,1.7,AI Making Final Hiring Decisions,AIWRKH2_b,Would you favor or oppose employers’ use of artificial intelligence (AI) for…    Making a final hiring decision,4.6,75.1,20.0
"Pew Research Center ATP Wave 119 (Dec 12-18, 2022)",White,7220,1.7,AI Analyzing Employees' Facial Expressions,FACERECWK2_b,Would you favor or oppose employers’ use of facial recognition technology for each of the following purposes?    Analyzing employees’ facial expressions,5.9,74.0,19.7
"Pew Research Center ATP Wave 119 (Dec 12-18, 2022)",White,7220,1.7,AI Recording Workers' Computer Activity,AIWRKM2_b,Do you favor or oppose employers’ use of artificial intelligence (AI) to do each of the following?    Recording exactly what people are doing on their work computers,26.6,50.5,22.3
"Pew Research Center ATP Wave 119 (Dec 12-18, 2022)",White,7220,1.7,AI Deciding Promotions,AIWRKM4_a,Do you favor or oppose employers using information collected and analyzed by artificial intelligence (AI) about how people are doing their jobs to decide whether someone…    Gets a promotion,19.6,49.7,29.9
"Pew Research Center ATP Wave 119 (Dec 12-18, 2022)",Black,1447,3.9,AI Reviewing Job Applications,AIWRKH2_a,Would you favor or oppose employers’ use of artificial intelligence (AI) for…    Reviewing job applications,25.7,39.6,34.4
"Pew Research Center ATP Wave 119 (Dec 12-18, 2022)",Black,1447,3.9,AI Making Final Hiring Decisions,AIWRKH2_b,Would you favor or oppose employers’ use of artificial intelligence (AI) for…    Making a final hiring decision,10.4,59.2,30.1
"Pew Research Center ATP Wave 119 (Dec 12-18, 2022)",Black,1447,3.9,AI Analyzing Employees' Facial Expressions,FACERECWK2_b,Would you favor or oppose employers’ use of facial recognition technology for each of the following purposes?    Analyzing employees’ facial expressions,12.7,62.4,24.2
"Pew Research Center ATP Wave 119 (Dec 12-18, 2022)",Black,1447,3.9,AI Recording Workers' Computer Activity,AIWRKM2_b,Do you favor or oppose employers’ use of artificial intelligence (AI) to do each of the following?    Recording exactly what people are doing on their work computers,26.6,47.7,25.3
"Pew Research Center ATP Wave 119 (Dec 12-18, 2022)",Black,1447,3.9,AI Deciding Promotions,AIWRKM4_a,Do you favor or oppose employers using information collected and analyzed by artificial intelligence (AI) about how people are doing their jobs to decide whether someone…    Gets a promotion,25.0,44.3,30.1
"Pew Research Center ATP Wave 119 (Dec 12-18, 2022)",Hispanic,1482,4.4,AI Reviewing Job Applications,AIWRKH2_a,Would you favor or oppose employers’ use of artificial intelligence (AI) for…    Reviewing job applications,28.2,40.1,30.8
"Pew Research Center ATP Wave 119 (Dec 12-18, 2022)",Hispanic,1482,4.4,AI Making Final Hiring Decisions,AIWRKH2_b,Would you favor or oppose employers’ use of artificial intelligence (AI) for…    Making a final hiring decision,12.1,64.6,22.8
"Pew Research Center ATP Wave 119 (Dec 12-18, 2022)",Hispanic,1482,4.4,AI Analyzing Employees' Facial Expressions,FACERECWK2_b,Would you favor or oppose employers’ use of facial recognition technology for each of the following purposes?    Analyzing employees’ facial expressions,16.5,60.5,21.4
"Pew Research Center ATP Wave 119 (Dec 12-18, 2022)",Hispanic,1482,4.4,AI Recording Workers' Computer Activity,AIWRKM2_b,Do you favor or oppose employers’ use of artificial intelligence (AI) to do each of the following?    Recording exactly what people are doing on their work computers,30.3,48.6,19.2
"Pew Research Center ATP Wave 119 (Dec 12-18, 2022)",Hispanic,1482,4.4,AI Deciding Promotions,AIWRKM4_a,Do you favor or oppose employers using information collected and analyzed by artificial intelligence (AI) about how people are doing their jobs to decide whether someone…    Gets a promotion,30.4,37.6,30.6
"Pew Research Center ATP Wave 119 (Dec 12-18, 2022)",Asian,371,7.0,AI Reviewing Job Applications,AIWRKH2_a,Would you favor or oppose employers’ use of artificial intelligence (AI) for…    Reviewing job applications,36.2,37.3,26.4
"Pew Research Center ATP Wave 119 (Dec 12-18, 2022)",Asian,371,7.0,AI Making Final Hiring Decisions,AIWRKH2_b,Would you favor or oppose employers’ use of artificial intelligence (AI) for…    Making a final hiring decision,15.2,65.8,19.0
"Pew Research Center ATP Wave 119 (Dec 12-18, 2022)",Asian,371,7.0,AI Analyzing Employees' Facial Expressions,FACERECWK2_b,Would you favor or oppose employers’ use of facial recognition technology for each of the following purposes?    Analyzing employees’ facial expressions,12.2,72.0,15.6
"Pew Research Center ATP Wave 119 (Dec 12-18, 2022)",Asian,371,7.0,AI Recording Workers' Computer Activity,AIWRKM2_b,Do you favor or oppose employers’ use of artificial intelligence (AI) to do each of the following?    Recording exactly what people are doing on their work computers,16.7,67.9,15.0
"Pew Research Center ATP Wave 119 (Dec 12-18, 2022)",Asian,371,7.0,AI Deciding Promotions,AIWRKM4_a,Do you favor or oppose employers using information collected and analyzed by artificial intelligence (AI) about how people are doing their jobs to decide whether someone…    Gets a promotion,22.8,50.6,26.2
"Pew Research Center ATP Wave 119 (Dec 12-18, 2022)",Ages 18-29,930,4.3,AI Reviewing Job Applications,AIWRKH2_a,Would you favor or oppose employers’ use of artificial intelligence (AI) for…    Reviewing job applications,25.8,45.9,27.3
"Pew Research Center ATP Wave 119 (Dec 12-18, 2022)",Ages 18-29,930,4.3,AI Making Final Hiring Decisions,AIWRKH2_b,Would you favor or oppose employers’ use of artificial intelligence (AI) for…    Making a final hiring decision,9.4,71.7,18.1
"Pew Research Center ATP Wave 119 (Dec 12-18, 2022)",Ages 18-29,930,4.3,AI Analyzing Employees' Facial Expressions,FACERECWK2_b,Would you favor or oppose employers’ use of facial recognition technology for each of the following purposes?    Analyzing employees’ facial expressions,8.4,72.3,17.6
"Pew Research Center ATP Wave 119 (Dec 12-18, 2022)",Ages 18-29,930,4.3,AI Recording Workers' Computer Activity,AIWRKM2_b,Do you favor or oppose employers’ use of artificial intelligence (AI) to do each of the following?    Recording exactly what people are doing on their work computers,18.1,63.5,17.0
"Pew Research Center ATP Wave 119 (Dec 12-18, 2022)",Ages 18-29,930,4.3,AI Deciding Promotions,AIWRKM4_a,Do you favor or oppose employers using information collected and analyzed by artificial intelligence (AI) about how people are doing their jobs to decide whether someone…    Gets a promotion,23.2,48.1,27.0
"Pew Research Center ATP Wave 119 (Dec 12-18, 2022)",Ages 30-49,3514,2.4,AI Reviewing Job Applications,AIWRKH2_a,Would you favor or oppose employers’ use of artificial intelligence (AI) for…    Reviewing job applications,32.6,39.8,27.5
"Pew Research Center ATP Wave 119 (Dec 12-18, 2022)",Ages 30-49,3514,2.4,AI Making Final Hiring Decisions,AIWRKH2_b,Would you favor or oppose employers’ use of artificial intelligence (AI) for…    Making a final hiring decision,7.3,73.1,19.3
"Pew Research Center ATP Wave 119 (Dec 12-18, 2022)",Ages 30-49,3514,2.4,AI Analyzing Employees' Facial Expressions,FACERECWK2_b,Would you favor or oppose employers’ use of facial recognition technology for each of the following purposes?    Analyzing employees’ facial expressions,9.8,70.1,19.7
"Pew Research Center ATP Wave 119 (Dec 12-18, 2022)",Ages 30-49,3514,2.4,AI Recording Workers' Computer Activity,AIWRKM2_b,Do you favor or oppose employers’ use of artificial intelligence (AI) to do each of the following?    Recording exactly what people are doing on their work computers,24.9,54.1,20.4
"Pew Research Center ATP Wave 119 (Dec 12-18, 2022)",Ages 30-49,3514,2.4,AI Deciding Promotions,AIWRKM4_a,Do you favor or oppose employers using information collected and analyzed by artificial intelligence (AI) about how people are doing their jobs to decide whether someone…    Gets a promotion,22.6,46.6,30.4
"Pew Research Center ATP Wave 119 (Dec 12-18, 2022)",Ages 50-64,3157,2.5,AI Reviewing Job Applications,AIWRKH2_a,Would you favor or oppose employers’ use of artificial intelligence (AI) for…    Reviewing job applications,25.1,44.3,30.4
"Pew Research Center ATP Wave 119 (Dec 12-18, 2022)",Ages 50-64,3157,2.5,AI Making Final Hiring Decisions,AIWRKH2_b,Would you favor or oppose employers’ use of artificial intelligence (AI) for…    Making a final hiring decision,5.4,72.5,21.9
"Pew Research Center ATP Wave 119 (Dec 12-18, 2022)",Ages 50-64,3157,2.5,AI Analyzing Employees' Facial Expressions,FACERECWK2_b,Would you favor or oppose employers’ use of facial recognition technology for each of the following purposes?    Analyzing employees’ facial expressions,8.9,72.1,18.8
"Pew Research Center ATP Wave 119 (Dec 12-18, 2022)",Ages 50-64,3157,2.5,AI Recording Workers' Computer Activity,AIWRKM2_b,Do you favor or oppose employers’ use of artificial intelligence (AI) to do each of the following?    Recording exactly what people are doing on their work computers,28.4,48.0,22.9
"Pew Research Center ATP Wave 119 (Dec 12-18, 2022)",Ages 50-64,3157,2.5,AI Deciding Promotions,AIWRKM4_a,Do you favor or oppose employers using information collected and analyzed by artificial intelligence (AI) about how people are doing their jobs to decide whether someone…    Gets a promotion,19.6,50.5,28.9
"Pew Research Center ATP Wave 119 (Dec 12-18, 2022)",Ages 65+,3367,2.5,AI Reviewing Job Applications,AIWRKH2_a,Would you favor or oppose employers’ use of artificial intelligence (AI) for…    Reviewing job applications,25.6,37.4,36.6
"Pew Research Center ATP Wave 119 (Dec 12-18, 2022)",Ages 65+,3367,2.5,AI Making Final Hiring Decisions,AIWRKH2_b,Would you favor or oppose employers’ use of artificial intelligence (AI) for…    Making a final hiring decision,6.9,65.2,27.6
"Pew Research Center ATP Wave 119 (Dec 12-18, 2022)",Ages 65+,3367,2.5,AI Analyzing Employees' Facial Expressions,FACERECWK2_b,Would you favor or oppose employers’ use of facial recognition technology for each of the following purposes?    Analyzing employees’ facial expressions,7.5,67.4,24.6
"Pew Research Center ATP Wave 119 (Dec 12-18, 2022)",Ages 65+,3367,2.5,AI Recording Workers' Computer Activity,AIWRKM2_b,Do you favor or oppose employers’ use of artificial intelligence (AI) to do each of the following?    Recording exactly what people are doing on their work computers,34.8,38.1,26.4
"Pew Research Center ATP Wave 119 (Dec 12-18, 2022)",Ages 65+,3367,2.5,AI Deciding Promotions,AIWRKM4_a,Do you favor or oppose employers using information collected and analyzed by artificial intelligence (AI) about how people are doing their jobs to decide whether someone…    Gets a promotion,22.7,44.7,31.7
